location_type,mean,median,std,count,ci_lower,ci_upper
Functional urban area,1.5690694822437803,1.049951667192114,1.3543236273290826,86,1.2828301560461037,1.8553088084414568
Rural and small town area,1.82872217669253,1.549932533743595,1.4403056638457958,92,1.5344041749638355,2.123040178421224
