location_type,mean,median,std,count
Functional urban area,1.5690694822437803,1.049951667192114,1.3543236273290826,86
Rural and small town area,1.82872217669253,1.549932533743595,1.4403056638457958,92
